"Id","OwnerId","IsDeleted","Name","CreatedDate","CreatedById","LastModifiedDate","LastModifiedById","SystemModstamp","ConnectionReceivedId","ConnectionSentId","nFORCE__Generator_Class__c","nFORCE__lookupKey__c","nFORCE__Category__c","nFORCE__Layout_Description__c","nFORCE__Layout_Preview_Image__c","nFORCE__Visualforce_Page__c","AutorabitExtId__c"
"a2C5e0000009dcMEAQ","0055e000003ZErQAAW","","NoLayout","2021-06-18T13:03:13.000Z","0055e000003ZErQAAW","2021-10-10T18:06:07.000Z","0055e000003ZErQAAW","","","","Html.Layouts.NoLayout","42467526997510079","","","","",""
"a2C5e0000009dcNEAQ","0055e000003ZErQAAW","","NoLayout","2021-06-18T13:03:13.000Z","0055e000003ZErQAAW","2021-10-10T18:06:07.000Z","0055e000003ZErQAAW","","","","Html.Layouts.NoLayout","42024733350024513","","","","",""
"a2C5e0000009dcOEAQ","0055e000003ZErQAAW","","SingleColumnGrid","2021-06-18T13:03:13.000Z","0055e000003ZErQAAW","2021-10-10T18:06:07.000Z","0055e000003ZErQAAW","","","","Html.Layouts.SingleColumnGrid","42234556819011866","","","","",""
"a2C5e0000009dcPEAQ","0055e000003ZErQAAW","","TableLayout","2021-06-18T13:03:13.000Z","0055e000003ZErQAAW","2021-10-10T18:06:07.000Z","0055e000003ZErQAAW","","","","Html.Layouts.TableLayout","42161385480140281","","","","",""
"a2C5e0000009dcQEAQ","0055e000003ZErQAAW","","TableLayout","2021-06-18T13:03:13.000Z","0055e000003ZErQAAW","2021-10-10T18:06:07.000Z","0055e000003ZErQAAW","","","","Html.Layouts.TableLayout","42250383188427712","","","","",""
"a2C5e0000009dcREAQ","0055e000003ZErQAAW","","a2C5e0000009dj0","2021-06-18T13:03:13.000Z","0055e000003ZErQAAW","2021-10-10T18:06:07.000Z","0055e000003ZErQAAW","","","","Html.Layouts.NoLayout","42557508337132269","","","","",""
"a2C5e0000009dcSEAQ","0055e000003ZErQAAW","","a2C5e0000009dkC","2021-06-18T13:03:13.000Z","0055e000003ZErQAAW","2021-10-10T18:06:07.000Z","0055e000003ZErQAAW","","","","Html.Layouts.NoLayout","42511214301761792","","","","",""
"a2C5e0000009dcTEAQ","0055e000003ZErQAAW","","a2C5e0000009dkg","2021-06-18T13:03:13.000Z","0055e000003ZErQAAW","2021-10-10T18:06:07.000Z","0055e000003ZErQAAW","","","","Html.Layouts.TableLayout","42841029321718662","","","","",""
"a2C5e0000009dcUEAQ","0055e000003ZErQAAW","","a2C5e0000009dj1","2021-06-18T13:03:13.000Z","0055e000003ZErQAAW","2021-10-10T18:06:07.000Z","0055e000003ZErQAAW","","","","Html.Layouts.NoLayout","42815288496272972","","","","",""
"a2C5e0000009dcVEAQ","0055e000003ZErQAAW","","a2C5e0000009dkB","2021-06-18T13:03:13.000Z","0055e000003ZErQAAW","2021-10-10T18:06:07.000Z","0055e000003ZErQAAW","","","","Html.Layouts.TableLayout","42229011378082174","","","","",""
"a2C5e0000009dcWEAQ","0055e000003ZErQAAW","","TwoColumnGrid","2021-06-18T13:03:13.000Z","0055e000003ZErQAAW","2021-10-10T18:06:07.000Z","0055e000003ZErQAAW","","","","Html.Layouts.TwoColumnGrid","42211161223702254","","","","",""
"a2C5e0000009dcXEAQ","0055e000003ZErQAAW","","a2C5e0000009djn","2021-06-18T13:03:13.000Z","0055e000003ZErQAAW","2021-10-10T18:06:07.000Z","0055e000003ZErQAAW","","","","Html.Layouts.NoLayout","42997019817491159","","","","",""
"a2C5e0000009dcYEAQ","0055e000003ZErQAAW","","a2C5e0000009djt","2021-06-18T13:03:13.000Z","0055e000003ZErQAAW","2021-10-10T18:06:07.000Z","0055e000003ZErQAAW","","","","Html.Layouts.NoLayout","42632154566093988","","","","",""
"a2C5e0000009dcZEAQ","0055e000003ZErQAAW","","TwoColumnGrid","2021-06-18T13:03:13.000Z","0055e000003ZErQAAW","2021-10-10T18:06:07.000Z","0055e000003ZErQAAW","","","","Html.Layouts.TwoColumnGrid","42146023226960468","","","","",""
"a2C5e0000009dcaEAA","0055e000003ZErQAAW","","TableLayout","2021-06-18T13:03:13.000Z","0055e000003ZErQAAW","2021-10-10T18:06:07.000Z","0055e000003ZErQAAW","","","","Html.Layouts.TableLayout","42471497943041040","","","","",""
"a2C5e0000009dcbEAA","0055e000003ZErQAAW","","TableLayout","2021-06-18T13:03:13.000Z","0055e000003ZErQAAW","2021-10-10T18:06:07.000Z","0055e000003ZErQAAW","","","","Html.Layouts.TableLayout","42878141684776297","","","","",""
"a2C5e0000009dccEAA","0055e000003ZErQAAW","","TableLayout","2021-06-18T13:03:13.000Z","0055e000003ZErQAAW","2021-10-10T18:06:07.000Z","0055e000003ZErQAAW","","","","Html.Layouts.TableLayout","42826302620147636","","","","",""
"a2C5e0000009dcdEAA","0055e000003ZErQAAW","","a2C5e0000009diu","2021-06-18T13:03:13.000Z","0055e000003ZErQAAW","2021-10-10T18:06:07.000Z","0055e000003ZErQAAW","","","","Html.Layouts.NoLayout","42335875905942110","","","","",""
"a2C5e0000009dceEAA","0055e000003ZErQAAW","","a2C5e0000009dkH","2021-06-18T13:03:13.000Z","0055e000003ZErQAAW","2021-10-10T18:06:07.000Z","0055e000003ZErQAAW","","","","Html.Layouts.TableLayout","42634990435361655","","","","",""
"a2C5e0000009dcfEAA","0055e000003ZErQAAW","","a2C5e0000009diy","2021-06-18T13:03:13.000Z","0055e000003ZErQAAW","2021-10-10T18:06:07.000Z","0055e000003ZErQAAW","","","","Html.Layouts.NoLayout","42064534112063604","","","","",""
"a2C5e0000009dcgEAA","0055e000003ZErQAAW","","a2C5e0000009dkD","2021-06-18T13:03:13.000Z","0055e000003ZErQAAW","2021-10-10T18:06:07.000Z","0055e000003ZErQAAW","","","","Html.Layouts.NoLayout","42255932952652825","","","","",""
"a2C5e0000009dchEAA","0055e000003ZErQAAW","","TwoColumnGrid","2021-06-18T13:03:13.000Z","0055e000003ZErQAAW","2021-10-10T18:06:07.000Z","0055e000003ZErQAAW","","","","Html.Layouts.TwoColumnGrid","42450890372279800","","","","",""
"a2C5e0000009dciEAA","0055e000003ZErQAAW","","TableLayout","2021-06-18T13:03:13.000Z","0055e000003ZErQAAW","2021-10-10T18:06:07.000Z","0055e000003ZErQAAW","","","","Html.Layouts.TableLayout","42111736084579659","","","","",""
"a2C5e0000009dcjEAA","0055e000003ZErQAAW","","TableLayout","2021-06-18T13:03:13.000Z","0055e000003ZErQAAW","2021-10-10T18:06:07.000Z","0055e000003ZErQAAW","","","","Html.Layouts.TableLayout","42567256856395191","","","","",""
"a2C5e0000009dckEAA","0055e000003ZErQAAW","","a2C5e0000009diw","2021-06-18T13:03:13.000Z","0055e000003ZErQAAW","2021-10-10T18:06:07.000Z","0055e000003ZErQAAW","","","","Html.Layouts.NoLayout","42431873956987571","","","","",""
"a2C5e0000009dclEAA","0055e000003ZErQAAW","","a2C5e0000009dkF","2021-06-18T13:03:13.000Z","0055e000003ZErQAAW","2021-10-10T18:06:07.000Z","0055e000003ZErQAAW","","","","Html.Layouts.TableLayout","42730596527372981","","","","",""
"a2C5e0000009dcmEAA","0055e000003ZErQAAW","","a2C5e0000009diz","2021-06-18T13:03:13.000Z","0055e000003ZErQAAW","2021-10-10T18:06:07.000Z","0055e000003ZErQAAW","","","","Html.Layouts.NoLayout","42857002168467178","","","","",""
"a2C5e0000009dcnEAA","0055e000003ZErQAAW","","a2C5e0000009dkE","2021-06-18T13:03:13.000Z","0055e000003ZErQAAW","2021-10-10T18:06:07.000Z","0055e000003ZErQAAW","","","","Html.Layouts.TableLayout","42143848440807859","","","","",""
"a2C5e0000009dcoEAA","0055e000003ZErQAAW","","a2C5e0000009dix","2021-06-18T13:03:13.000Z","0055e000003ZErQAAW","2021-10-10T18:06:07.000Z","0055e000003ZErQAAW","","","","Html.Layouts.NoLayout","42633135807786690","","","","",""
"a2C5e0000009dcpEAA","0055e000003ZErQAAW","","a2C5e0000009dkG","2021-06-18T13:03:13.000Z","0055e000003ZErQAAW","2021-10-10T18:06:07.000Z","0055e000003ZErQAAW","","","","Html.Layouts.TableLayout","42545753841908418","","","","",""
"a2C5e0000009dcqEAA","0055e000003ZErQAAW","","NoLayout","2021-06-18T13:03:13.000Z","0055e000003ZErQAAW","2021-10-10T18:06:07.000Z","0055e000003ZErQAAW","","","","Html.Layouts.NoLayout","42142902591249498","","","","",""
"a2C5e0000009dcrEAA","0055e000003ZErQAAW","","TwoColumnGrid","2021-06-18T13:03:13.000Z","0055e000003ZErQAAW","2021-10-10T18:06:07.000Z","0055e000003ZErQAAW","","","","Html.Layouts.TwoColumnGrid","42793354206011146","","","","",""
"a2C5e0000009dcsEAA","0055e000003ZErQAAW","","NoLayout","2021-06-18T13:03:13.000Z","0055e000003ZErQAAW","2021-10-10T18:06:07.000Z","0055e000003ZErQAAW","","","","Html.Layouts.NoLayout","42078466476766816","","","","",""
"a2C5e0000009dctEAA","0055e000003ZErQAAW","","TableLayout","2021-06-18T13:03:13.000Z","0055e000003ZErQAAW","2021-10-10T18:06:07.000Z","0055e000003ZErQAAW","","","","Html.Layouts.TableLayout","42573554570359778","","","","",""
